speaker,n_comments,mean_score,pct_awry
yyzjertl,324,15.08,41.4
I_am_the_night,313,15.82,55.6
Ansuz07,283,57.51,52.7
Iswallowedafly,279,10.91,59.5
GnosticGnome,261,23.65,29.9
PreacherJudge,255,38.46,40.8
fox-mcleod,254,65.4,53.1
Hellioning,232,49.58,42.7
edwardlleandre,225,52.56,67.1
Mitoza,213,5.74,66.2
MercurianAspirations,200,49.4,40.5
LucidMetal,192,17.59,55.7
hacksoncode,182,44.09,46.2
scottevil110,178,53.77,44.9
cdb03b,168,17.64,47.6
iwfan53,165,22.41,29.1
waldrop02,161,12.47,47.2
championofobscurity,154,22.64,57.8
miguelguajiro,154,32.72,36.4
vettewiz,153,6.29,56.2
dublea,149,39.44,45
10ebbor10,141,77.78,40.4
radialomens,141,14.01,50.4
3720-To-One,135,20.44,48.1
forestfly1234,133,5.41,59.4
ralph-j,130,13.6,30
BenIncognito,129,23.47,54.3
Burflax,128,21.38,50
Hq3473,128,15.84,59.4
SC803,121,13.88,56.2
Grunt08,120,21.78,73.3
Milskidasith,117,38.95,41
Genoscythe_,114,69.8,36.8
Love_Shaq_Baby,114,16.75,48.2
barbodelli,114,6.84,50.9
Sheexthro,113,2.73,59.3
Thoth_the_5th_of_Tho,112,12.2,36.6
McKoijion,111,37.23,42.3
Kirbyoto,110,53.65,58.2
muyamable,110,52.93,52.7
Rainbwned,106,75.27,29.2
TripRichert,105,39.27,35.2
gothpunkboy89,103,13.47,54.4
tbdabbholm,103,33.4,31.1
in_cavediver,102,22.28,44.1
destro23,101,83.5,46.5
Z7-852,99,41.06,48.5
Huntingmoa,97,5.34,39.2
drpussycookermd,97,27.45,54.6
moonflower,97,3.96,60.8
CoyotePatronus,94,5.12,74.5
nowthatsucks,92,6.16,48.9
Helpfulcloning,91,50.54,28.6
Tibaltdidnothinwrong,91,82.99,45.1
mfDandP,89,24.73,16.9
Biptoslipdi,88,38.74,71.6
jt4,88,42.47,37.5
PrimeLegionnaire,87,22.31,74.7
iamintheforest,87,53.09,28.7
prollywannacracker,87,66.95,51.7
IwasBlindedbyscience,85,11.86,63.5
NotMyBestMistake,85,43.49,70.6
AnythingApplied,84,74.46,40.5
Subtleiaint,84,6.79,42.9
Morthra,83,7.88,66.3
Gladix,82,24.4,45.1
cupcakesarethedevil,81,14.95,30.9
malachai926,81,13,63
TheVioletBarry,80,14.82,58.8
DrinkyDrank,79,15.44,50.6
BolshevikMuppet,78,21.59,64.1
Havenkeld,78,21.78,37.2
Madplato,77,11.71,27.3
NearEmu,77,2.52,66.2
Glory2Hypnotoad,76,53.01,26.3
Nepene,75,14.48,60
Prinnyramza,75,1.92,62.7
TuskaTheDaemonKilla,75,71.11,52
JohnReese20,74,10.99,37.8
Salanmander,74,32.16,37.8
Morasain,72,42.5,43.1
Nicolasv2,72,31.21,59.7
Tino_,72,12.6,40.3
Vesurel,72,15.88,29.2
thinkingpains,72,22.62,43.1
Bladefall,71,30.72,53.5
CrinkleLord,71,7.01,38
Craftsmaniac,70,2.59,88.6
DHCKris,70,22.87,37.1
MasterGrok,70,23.86,48.6
chadonsunday,70,25.04,48.6
morerandom2020,70,-0.07,50
MuaddibMcFly,69,11.54,76.8
Presentalbion,69,17.14,52.2
cacheflow,69,57.8,47.8
sailorbrendan,69,47.13,23.2
Arguetur,68,1.34,52.9
GameOfSchemes,67,1.21,62.7
Long-Rate-445,67,3.78,70.1
Poo-et,67,64.04,46.3
huadpe,67,84.43,44.8
caw81,66,25.61,34.8
jatjqtjat,66,60.02,24.2
Det_,65,9.71,36.9
caine269,65,7.68,56.9
professorcap987,65,32.49,40
speedyjohn,65,12.86,64.6
Lagkiller,64,6.36,78.1
VVillyD,64,123.97,54.7
anonoman925,64,7.61,40.6
thetasigma4,64,9.31,46.9
MMAchica,63,3.65,54
ShiningConcepts,63,10.35,39.7
joopface,63,97,36.5
toldyaso,63,1,60.3
Feathring,62,18.65,37.1
MontiBurns,62,15.11,54.8
Prepure_Kaede,62,2.94,50
ElysiX,61,21.28,54.1
HijacksMissiles,61,23.48,67.2
bguy74,61,18.79,75.4
Bookwrrm,60,6.35,73.3
CheesecakeMedium8500,60,8.28,80
parentheticalobject,60,22.98,36.7
sapphireminds,60,58.08,28.3
SuckMyBike,59,9.08,25.4
VertigoOne,59,28.78,37.3
xmuskorx,59,79.54,64.4
AloysiusC,58,2.55,55.2
AlwaysABride,58,11.19,41.4
Ardonpitt,58,6.95,65.5
sawdeanz,58,14.02,20.7
ArmchairSlacktavist,57,16.86,70.2
ItsPandatory,57,14.86,47.4
KevinWester,57,46.95,40.4
Slothjitzu,57,66.19,45.6
CyberneticWhale,56,5.82,32.1
ServingSailor,56,-0.55,50
cherrycokeicee,56,50.02,30.4
mrgoodnighthairdo,56,22.34,57.1
thethoughtexperiment,56,100.16,26.8
Eng_Queen,55,12.15,38.2
LetMeNotHear,55,36.42,56.4
needletothebar,55,2.78,50.9
ToucanPlayAtThatGame,54,29.28,51.9
ZeusThunder369,54,29.52,38.9
dantheman91,54,50.81,50
dudemanwhoa,54,20.74,53.7
page0rz,54,12.76,59.3
Babou_FoxEarAHole,53,15.94,71.7
DjangoUBlackBastard,53,10.08,67.9
PmMeYourDaddy-Issues,53,6.89,60.4
darwin2500,53,51.77,49.1
generic1001,53,17.55,52.8
2r1t,52,27.37,48.1
UncleMeat11,52,31.56,61.5
z3r0shade,52,4.83,63.5
Crafty_Possession_52,51,6.63,54.9
Narrow_Cloud,51,54.24,64.7
NetrunnerCardAccount,51,47.8,43.1
Sirhc978,51,85.9,31.4
cowfishAreReal,51,60.53,58.8
jennysequa,51,33.84,51
tammy-hell,51,6.53,70.6
-AragornElessar-,50,13.56,50
Giblette101,50,10.6,24
GodoftheCopyBooks,50,5.46,78
barthiebarth,50,58.58,72
breckenridgeback,50,23.22,62
direwolf106,50,9.8,68
gremy0,50,63.72,72
jzpenny,50,23.56,50
ACrusaderA,49,14.49,46.9
Major_Lennox,49,5.43,85.7
badoosh123,49,3.45,28.6
colt707,49,4.92,22.4
garnteller,49,115.08,69.4
laconicflow,49,10.41,36.7
riobrandos,49,10.35,67.3
Fit-Order-9468,48,17.1,66.7
Nephisimian,48,25.54,35.4
foot_kisser,48,9.19,50
incruente,48,5,29.2
kublahkoala,48,69.69,31.2
pillbinge,48,10.62,60.4
silverionmox,48,1.46,58.3
dickposner,47,10.81,72.3
hmmwill,47,26.62,55.3
notasnerson,47,18.77,61.7
on_my_lunch_break,47,8.98,70.2
projectaskban,47,9.45,44.7
zuluportero,47,49.23,34
MysticInept,46,45.78,37
RuroniHS,46,31.96,71.7
Shiboleth17,46,2.96,60.9
hashtagboosted,46,11.59,34.8
natha105,46,42.35,45.7
qwertx0815,46,2.96,71.7
s_wipe,46,49.39,39.1
tkyjonathan,46,1.76,45.7
Canada_Constitution,45,55.91,48.9
Littlepush,45,13.82,33.3
ProfessorHeartcraft,45,1.91,86.7
WeepingAngelTears,45,2.42,60
posnfen,45,0.53,44.4
thisdamnhoneybadger,45,3.91,42.2
DBDude,44,3.32,47.7
Hugogs10,44,16.57,75
Intrepid-Client9449,44,0.95,56.8
LysenkoistReefer,44,13.73,27.3
Sagasujin,44,99.07,36.4
Turbo_Donut,44,2.91,45.5
teerre,44,11.34,59.1
tomgabriele,44,6,63.6
47ca05e6209a317a8fb3,43,76.51,44.2
BackAlleySurgeon,43,8.65,48.8
BuddhaPunch1,43,20.12,44.2
Madauras,43,49.6,39.5
Puddinglax,43,14.84,53.5
World_Spank_Bank,43,3.28,34.9
YourViewisBadFaith,43,39.93,86
be_decent_today,43,-0.09,46.5
beer_demon,43,7.77,76.7
icecoldbath,43,5.02,41.9
renoops,43,14.35,55.8
sclsmdsntwrk,43,1.33,41.9
Clouds_are_wet,42,1.71,57.1
Personage1,42,18.88,71.4
Throwaway00000000028,42,8.88,59.5
anewleaf1234,42,34.29,38.1
badabinglove,42,-0.29,52.4
beer2daybong2morrow,42,5.95,47.6
verylittlefinger,42,10.24,73.8
BingBlessAmerica,41,58.27,36.6
BlitzBasic,41,10.93,36.6
Darq_At,41,7.17,29.3
Roller95,41,8.12,31.7
SeymoreButz38,41,1.37,53.7
TheFakeChiefKeef,41,84.95,46.3
WolfBatMan,41,12.61,39
cat_of_danzig,41,9.73,53.7
eggynack,41,12.39,43.9
empurrfekt,41,111.22,46.3
illerThanTheirs,41,9.24,53.7
stubble3417,41,38.83,22
Lox-droplet,40,2.12,57.5
draculabakula,40,4.82,50
icedpickles,40,1.48,50
jumpup,40,62.38,37.5
plushiemancer,40,4.75,67.5
vl99,40,13.45,32.5
DeleteriousEuphuism,39,17.18,15.4
Diylion,39,0.74,66.7
GodrambeGo,39,0.13,35.9
Letshavemorefun,39,12.54,56.4
LtFred,39,4.59,71.8
Quint-V,39,45.74,35.9
Talik1978,39,17.36,74.4
UGotSchlonged,39,9.92,59
VernonHines,39,45.05,30.8
poltroon_pomegranate,39,5.67,43.6
smcarre,39,40.33,33.3
themcos,39,56.38,17.9
Apathetic_Zealot,38,34.79,50
CanadianAsshole1,38,-0.13,57.9
GingerJack76,38,2.87,76.3
ThatSpencerGuy,38,49.42,36.8
blatant_ban_evasion_,38,1.68,63.2
cstar1996,38,1.21,76.3
flawednoodles,38,6.18,44.7
orangeLILpumpkin,38,50,47.4
stratys3,38,7.05,36.8
waltwhitman83,38,-1,55.3
6data,37,5.57,56.8
AleristheSeeker,37,14.46,32.4
Claytonius21,37,22.11,48.6
Deft_one,37,35.89,62.2
Heather-Swanson-,37,0.76,45.9
Jasader,37,11,43.2
Kakamile,37,8.7,40.5
Maxfunky,37,135.78,56.8
TheHandsomestMatt,37,15.41,37.8
jmomcc,37,28.51,35.1
perfectVoidler,37,2.73,86.5
toryhistory,37,17.92,83.8
Charlie-Wilbury,36,49.78,69.4
ClippinWings451,36,2.19,41.7
Daotar,36,3.31,72.2
Delaware_is_a_lie,36,10.08,47.2
FlyingFoxOfTheYard_,36,7.94,50
Geralt_of_Rivia1,36,2.83,63.9
Kyuubi_10,36,0.89,47.2
MrGraeme,36,18.75,44.4
MrSnrub28,36,8.81,80.6
Super_Duper_Mann,36,29.17,69.4
darkplonzo,36,12.83,33.3
jjjjll3754,36,0.92,72.2
missmymom,36,2.17,50
suddenly_ponies,36,7.06,47.2
tchaffee,36,5.64,63.9
vialtrisuit,36,4.39,52.8
5th_Law_of_Robotics,35,3.89,77.1
Apprehensive_Clock,35,8.63,42.9
BloodyTamponExtracto,35,22.17,54.3
Demonyita,35,0,65.7
HeftyRain7,35,15.71,22.9
Innoova,35,15.86,62.9
Newagetesla,35,1.46,71.4
OpeningChipmunk1700,35,26,62.9
RelaxedApathy,35,14.4,68.6
SetsunaFS,35,3.46,51.4
StellaAthena,35,56.26,40
TheMothHour,35,30,42.9
defactron,35,1.09,54.3
howlin,35,4.86,34.3
kabukistar,35,2.49,62.9
rodneyspotato,35,2.26,82.9
vaginas-attack,35,5.34,42.9
Amablue,34,9.5,29.4
GoonDaFirst,34,2.24,41.2
MisterJose,34,4.18,35.3
Ndvorsky,34,4.56,38.2
Pismakron,34,3.26,52.9
Slinkusmalinkus,34,49.32,41.2
SorryForTheRainDelay,34,15.12,61.8
StarShot77,34,0.59,44.1
VymI,34,23.76,61.8
Wintores,34,2.35,58.8
___OccamsChainsaw___,34,5.97,52.9
mysundayscheming,34,59.53,52.9
1917fuckordie,33,0.48,48.5
AlexReynard,33,3,60.6
DeusExMockinYa,33,3.55,60.6
Holophonist,33,5.09,69.7
IcyStage0,33,1.3,54.5
ImaginaryInsect1275,33,2.33,33.3
Old-Boysenberry,33,0.36,84.8
Ragabadoodaa,33,-1.97,45.5
SeanFromQueens,33,2.27,48.5
abutthole,33,21.15,48.5
down42roads,33,53.48,33.3
harley9779,33,56.94,42.4
heelspider,33,105.3,30.3
jackiemoon37,33,6.85,54.5
jawrsh21,33,4.76,24.2
of_a_varsity_athlete,33,3.61,63.6
ryan_m,33,12.48,36.4
Alive_Responsibility,32,3.66,59.4
Anonon_990,32,-0.38,50
BPC3,32,10.12,62.5
DuploJamaal,32,24.34,37.5
MrEctomy,32,57.84,53.1
ShowerGrapes,32,1.91,40.6
SimonTVesper,32,6.22,53.1
UNRThrowAway,32,9.06,34.4
WhenSnowDies,32,8,56.2
bgaesop,32,2.88,25
hastur777,32,21.72,34.4
quietfight,32,9.31,43.8
redditor427,32,3.84,46.9
videoninja,32,13.97,34.4
waterbuffalo750,32,143.22,40.6
wophi,32,9.75,71.9
-paperbrain-,31,50.77,51.6
Kazthespooky,31,3.35,58.1
MrF33,31,5.77,54.8
PoliticalStaffer22,31,7.06,58.1
ReOsIr10,31,89.42,22.6
Street-Individual292,31,14.87,35.5
Wumbo_9000,31,2.03,51.6
XXX69694206969XXX,31,11.42,71
beengrim32,31,17.77,16.1
begonetoxicpeople,31,30.71,41.9
everyonewantsalog,31,12.55,54.8
intactisnormal,31,11.39,61.3
mr_indigo,31,18.65,45.2
philly_steak_cheese,31,13.26,83.9
quwertie,31,-0.1,87.1
swearrengen,31,51.29,64.5
techiemikey,31,30.9,22.6
thatoneguy54,31,37,74.2
thegoldengrekhanate,31,0.77,77.4
Arctus9819,30,102.1,20
Beginning_Ad_2180,30,0.1,50
CBeisbol,30,56.83,53.3
ChanceTheKnight,30,1.6,66.7
Cindy_Da_Morse,30,4.47,36.7
Doesntrematteranyway,30,2.43,56.7
GadgetGamer,30,7.7,30
Hemingwavy,30,6.8,66.7
Khal-Frodo,30,70.2,66.7
Landsmcgeechesterson,30,0.27,53.3
LucidLeviathan,30,166.97,43.3
PandaDerZwote,30,46.5,46.7
PeteWenzel,30,2.13,43.3
Raunchy_Potato,30,15,66.7
SeThJoCh,30,1.8,43.3
Spartan0330,30,2.67,56.7
TrialsAndTribbles,30,-0.9,60
aRabidGerbil,30,4.1,23.3
babypizza22,30,-1.47,50
bjankles,30,128.27,43.3
hidden-shadow,30,5.33,70
lebanese-tiger,30,1.47,36.7
pikk,30,2.17,56.7
poprostumort,30,42.1,40
sgraar,30,2.77,26.7
youmustwait9mins,30,-0.13,56.7
FiveofSwords,29,-0.1,58.6
Flexed_Biceps,29,0.9,34.5
FlyingHamsterWheel,29,0.28,62.1
GoodellsMandMs,29,41.31,69
Guccinoko,29,0.79,75.9
Murkus,29,15.66,75.9
PhasmaUrbomach,29,2.31,62.1
PlayingTheWrongGame,29,14.24,27.6
TastelessHurricane,29,0.1,55.2
TheNaziSpacePope,29,0.83,58.6
Tommyblockhead20,29,53.24,13.8
_Hopped_,29,11.03,58.6
budlejari,29,38.45,79.3
dtiftw,29,2.31,69
ericoahu,29,19.72,37.9
Arianity,28,97.5,50
Chel_of_the_sea,28,39.04,75
DetroitUberDriver,28,37.89,39.3
Independent-Weird369,28,1.61,78.6
MountainDelivery,28,0.39,89.3
OddlySpecificReferen,28,17.96,35.7
Tarantio,28,2.96,78.6
beesdaddy,28,25.57,53.6
geminia999,28,5.82,46.4
ihatepasswords1234,28,22.25,50
leigh_hunt,28,30.43,60.7
panikone13,28,-0.14,57.1
peonypegasus,28,4.46,25
puja_puja,28,4.82,71.4
rly________tho,28,3.46,21.4
shijfmxew,28,0.75,78.6
tesla123456,28,25.79,71.4
wateroclock,28,0.5,71.4
5xum,27,23.89,51.9
A_Soporific,27,60.11,66.7
Emijah1,27,1.63,70.4
Gonzo_Journo,27,3.33,51.9
HighlightExpensive63,27,1.11,48.1
Hovercraft-Extension,27,0.44,48.1
IAmDanimal,27,7.41,66.7
JasonKnight2003,27,1.41,44.4
Kirkaine,27,8.78,63
LilSebs_MrsF,27,42.26,40.7
McClanky,27,6.89,59.3
ModsSpreadPropaganda,27,0.44,66.7
Mr_Makak,27,14.41,22.2
NicolasName,27,6.07,22.2
NonStopDiscoGG,27,-2.59,100
Ottomatik80,27,10.52,63
SciFi_Pie,27,6.63,40.7
ShouldersofGiants100,27,16.52,85.2
Trythenewpage,27,139.37,40.7
atthru97,27,2.44,51.9
backcourtjester,27,39.96,51.9
dale_glass,27,117.41,29.6
math_murderer88,27,3.48,59.3
newleafsauce,27,9.33,48.1
oldeenglishdry12345,27,9.48,40.7
pluralofjackinthebox,27,31.81,40.7
robotmonkeyshark,27,36.74,55.6
rollingboulder89,27,61.52,55.6
seanflyon,27,12.15,29.6
vy_rat,27,3.22,96.3
Aclopolipse,26,30.54,42.3
Ast3roth,26,3.81,46.2
Crankyoldhobo,26,22.69,53.8
DeadlyShogunate,26,15.92,65.4
DemonInTheDark666,26,-1.08,65.4
Hans_Brickface,26,19.15,11.5
I_am_the_Jukebox,26,9,61.5
Kman17,26,68,57.7
KungFuDabu,26,1.12,65.4
LordCosmagog,26,4.04,61.5
Medianmodeactivate,26,2.77,69.2
Roflcaust,26,3.69,7.7
Run_13,26,4.35,57.7
Sand_Trout,26,15.69,50
Skallywagwindorr,26,91.65,50
blackflag415,26,104.15,46.2
cliu1222,26,2.19,38.5
elcuban27,26,13.69,42.3
fenderkruse,26,4.31,38.5
figsbar,26,21.69,69.2
goldandguns,26,6,84.6
knottheone,26,4.46,65.4
lightertoolight,26,39.42,23.1
quantum_dan,26,13.58,42.3
rtechie1,26,18.23,57.7
simplecountrychicken,26,5.5,34.6
stink3rbelle,26,13.62,65.4
AManHasAJob,25,70.52,52
BeatriceBernardo,25,20.08,64
Bravo2zer2,25,21.24,76
Canvasch,25,3.04,100
EarthandEverything,25,2.48,100
ElizaThornberry4,25,38.68,76
Ethan-Wakefield,25,6.4,20
HulasBlowsChoats,25,4.6,72
Kofthese,25,5.32,76
KuulGryphun,25,7,48
Omega037,25,61.76,8
OnlyFactsMatter,25,1.6,76
Pinewood74,25,35.24,28
SplendidTit,25,80.44,76
TheManWhoPanders,25,6,88
ThisIsDrLeoSpaceman,25,16.92,24
cuteman,25,0.84,84
dannylandulf,25,23.72,44
eldryanyy,25,9.4,52
famnf,25,0.08,56
peekabookpenguin,25,0.48,44
pgold05,25,159.8,44
physioworld,25,15.84,40
sokuyari97,25,24.36,88
super-commenting,25,10.28,52
svenson_26,25,41.4,44
universetube7,25,4.92,16
y________tho,25,10.28,64
ytzi13,25,12.56,52
073090,24,-0.46,45.8
130alexandert,24,-4.58,37.5
BillionTonsHyperbole,24,18.12,66.7
BlockNotDo,24,1,54.2
BrotherItsInTheDrum,24,59.12,33.3
Decon-III,24,1.79,75
KingOfTheMexica,24,1.83,54.2
LifeOnDeathRow,24,2.29,62.5
MamaBare,24,2.71,25
Missing_Links,24,16.88,70.8
NoRecommendation8689,24,0.96,79.2
RadgarEleding,24,5.79,45.8
Reven311,24,0.62,50
Thane97,24,2.12,83.3
TheEternalCity101,24,2.38,75
TheMikeyMac13,24,5.62,62.5
TragicNut,24,12.21,66.7
attempt_number_55,24,1.17,58.3
darthbane83,24,60.67,75
david-song,24,0.58,37.5
housebrickstocking,24,-1.96,37.5
mutatron,24,7.17,29.2
nofftastic,24,8.46,29.2
ronperlmanforever69,24,-0.17,45.8
silvermoon2444,24,2.25,100
srelma,24,6.71,58.3
strick7500,24,-1.33,58.3
timmytissue,24,101.92,45.8
vornash2,24,2.58,50
wellhellmightaswell,24,1.08,100
wowarulebviolation,24,10.71,83.3
Alone_Improvement370,23,-0.04,52.2
AriValentina,23,0.48,60.9
BenificusAngorio,23,13.87,87
Caitlin1963,23,4.48,69.6
CompetentLion69,23,29.26,39.1
CovidLivesMatter,23,-6.52,69.6
Cyberpunk_Is_Now,23,16.74,34.8
GelComb,23,25.43,30.4
GeoffreyArnold,23,1.7,47.8
Hastatus_107,23,8.04,60.9
Jebofkerbin,23,53.09,69.6
JenningsWigService,23,18,39.1
JimothySanchez96,23,-0.96,78.3
JustAGuyCMV,23,1.87,43.5
Paperhandsmonkey,23,1.65,30.4
RickAndMorty101Years,23,35.39,39.1
Rufus_Reddit,23,5.52,34.8
Sayakai,23,20.09,52.2
Shy-Mad,23,6.04,78.3
Smudge777,23,22.78,47.8
StatusSnow,23,2.65,60.9
ThatsWhatXiSaid,23,1.17,78.3
Theige,23,-0.35,87
ThirteenOnline,23,-0.65,21.7
Wobulating,23,4.65,34.8
afr0,23,5.48,65.2
amus,23,6.87,65.2
blkarcher77,23,8.09,69.6
cheertina,23,7.13,82.6
coryrenton,23,2.22,13
deathnate4,23,5.48,47.8
dermac,23,1.43,0
groman28,23,28.13,56.5
ihatedogs2,23,26.04,69.6
jfarrar19,23,3.96,52.2
kodemage,23,5.65,39.1
palsh7,23,18.13,52.2
phcullen,23,4.3,13
rollingForInitiative,23,34.7,47.8
runs_in_the_jeans,23,7.22,65.2
shadowbca,23,6.48,39.1
stabbitytuesday,23,7.57,26.1
verascity,23,70.09,47.8
yogfthagen,23,37.3,65.2
-Lemon-Lime-Lemon-,22,1.32,59.1
-Randy-Marsh-,22,5.73,59.1
1msera,22,9.18,59.1
AlphaGoGoDancer,22,19.14,9.1
Armed_Scorpion,22,-1.14,59.1
BigMuffEnergy,22,1.36,59.1
BobSeger1945,22,12.23,40.9
Captain613Jack,22,0.73,72.7
ChewyRib,22,13.82,95.5
Daedalus1907,22,49.27,50
DexFulco,22,2.64,31.8
DrawDiscardDredge,22,11.68,40.9
FenrisCain,22,66.86,27.3
IIIBlackhartIII,22,13.77,27.3
Impeachykeene,22,-10.73,68.2
JimboMan1234,22,114.82,59.1
Klarkson1273,22,24.86,4.5
Mavericgamer,22,8.09,63.6
Nocturnal_animal808,22,5.23,59.1
Osricthebastard,22,14.36,72.7
PolishRobinHood,22,23.23,77.3
PotRoastPotato,22,3.68,63.6
PuckSR,22,49.86,50
RIPBernieSanders1,22,31.36,45.5
Tgunner192,22,3.5,77.3
TruthOrFacts,22,0.55,77.3
Various_Succotash_79,22,18.77,54.5
YossarianWWII,22,3.36,54.5
benm421,22,21.36,0
diehardgiraffe,22,6.59,81.8
ellipses1,22,6.32,40.9
gambleroflives91,22,0.23,50
grizwald87,22,4.86,27.3
matt2000224,22,7.86,68.2
mrbeck1,22,8.73,54.5
onetwo3four5,22,57.32,68.2
reddit_im_sorry,22,20.09,77.3
sethnogowo,22,3.09,13.6
steelerfaninperu,22,47.05,31.8
studdbeefpile,22,2.95,72.7
superswellcewlguy,22,2.55,81.8
thereasonableman_,22,1.95,54.5
14Muthafuckinkarats,21,1.76,52.4
AlwaysTheNoob,21,72.33,47.6
Barnst,21,24.14,28.6
Bigmouthstrikesback,21,4.95,90.5
BlueViper20,21,7.62,38.1
BoozeoisPig,21,0.95,57.1
Borigh,21,3.81,33.3
Brainsonastick,21,22.52,66.7
BwanaAzungu,21,0.05,57.1
Clockworkfrog,21,6.71,66.7
Comfortable_Tart_297,21,16.81,38.1
ConfidenceHoliday829,21,-1.71,61.9
DGzCarbon,21,3.71,52.4
DaegobahDan,21,1.38,85.7
Denikin_Tsar,21,7.19,66.7
Fatgaytrump,21,12.71,66.7
Futurearmydoctor,21,0,47.6
IYELLALLTHETIME,21,1.43,47.6
JuicySausage7,21,-2.19,52.4
MadeInHB,21,2.48,47.6
MrT_in_ID,21,41.24,57.1
Occma,21,3.48,57.1
Opr9r,21,68.62,61.9
PM_For_Soros_Money,21,4,90.5
Paninic,21,13.62,52.4
PreviousFriendship85,21,0,66.7
RatherNerdy,21,8,4.8
RemoveTheTop,21,4.05,57.1
SeanACarlos,21,-12,81
Slenderpman,21,1.48,71.4
Tuxed0-mask,21,43.71,71.4
Ver_Void,21,6.9,95.2
WippitGuud,21,17.19,28.6
YabuSama2k,21,50.1,81
Yesofcoursenaturally,21,33.95,57.1
Yu-piter,21,-0.57,52.4
_Woodrow_,21,1.81,95.2
almightySapling,21,8.81,61.9
aussieincanada,21,0.95,95.2
bigtoine,21,19.62,57.1
clearliquidclearjar,21,33.62,33.3
fps916,21,28.19,66.7
hungryCantelope,21,6.48,33.3
ivegotgoodnewsforyou,21,1.86,90.5
landoindisguise,21,27.9,90.5
m4gE321,21,1.29,57.1
olesiafesiun,21,0.33,38.1
probeey,21,3.1,71.4
rock-dancer,21,30.52,38.1
skyner13,21,7.43,38.1
stewshi,21,3.29,57.1
throwawayjune30th,21,0.24,61.9
topcat5,21,10.52,66.7
yeahmaaaaaaaaaaaaate,21,1.62,38.1
7000DuckPower,20,10.2,40
Acceptable_Policy_51,20,4.3,60
AlveolarFricatives,20,9.85,45
Avenged_goddess,20,10.15,45
CathexisArcana,20,9.4,50
ChristopherRabbit,20,4.1,50
EGoldenRule,20,8.5,70
Full-Professional246,20,49.7,70
Galious,20,2.3,25
GiakLeader,20,0.6,50
Iamawonderfulcitizen,20,-0.5,90
JadedToon,20,74.35,60
Lilah_R,20,20.75,70
Mejari,20,5.25,70
NESIRGNIK,20,1.05,50
OtherwiseNope_7291,20,31.6,35
Polar_Roid,20,-1,70
RustyRook,20,7.7,15
SchiferlED,20,6.45,45
ShittingGoldBricks,20,14.55,100
Suspiciously_Flawed,20,-3,35
Tapeleg91,20,9.35,40
Throwaya3345,20,-0.2,50
TimidNarcissist,20,-1.35,60
Trotlife,20,28.2,25
Vobat,20,2.65,0
Wannabetechguy321,20,-1.55,50
Zandrick,20,6.75,55
allthejokesareblue,20,44.2,50
blender_head,20,9.3,0
bobsagetsmaid,20,-0.4,20
cyronius,20,66.55,30
denvervaultboy,20,0.35,65
flyonthwall,20,11.35,70
iamasecretthrowaway,20,60.2,80
iwatchalotoftv22,20,26.2,85
iwearacoconutbra,20,17.9,45
jakefromstatefarm10,20,-0.65,85
jfpbookworm,20,23.95,40
jstevewhite,20,23.75,5
landertall,20,-0.75,60
littlebubulle,20,7.8,30
lonely-day,20,2.6,85
msneurorad,20,1.95,65
non-rhetorical,20,5.6,25
oversoul00,20,2.75,45
redesckey,20,16.2,15
rguin,20,2.55,70
sharkbait76,20,30.75,65
sleepiestofthesleepy,20,5.75,45
threeSJE,20,39.5,50
truthserum23,20,1.1,40
uncannywally,20,1.8,65
upupandawaynopedown,20,0.7,95
zeabu,20,3.15,95
22254534,19,7.68,36.8
AcanthocephalaHuge24,19,0.58,47.4
AdFlashy7269,19,9.37,47.4
Admirable_Ad1947,19,124.05,36.8
Andalib_Odulate,19,-15.95,36.8
AngryBlitzcrankMain,19,7.47,57.9
BAWguy,19,12.89,42.1
ClearlyBanned22,19,8.37,21.1
Crayshack,19,3.58,47.4
CutieHeartgoddess,19,13.11,78.9
EHWfedPres,19,0.74,63.2
Electrivire,19,2.05,89.5
EnviroTron,19,2.16,15.8
Eric_the_Enemy,19,2.26,63.2
FakeJamesWestbrook,19,-0.26,47.4
FinneousPJ,19,3.95,47.4
Freezefire2,19,3,26.3
FutureBannedAccount2,19,20.95,57.9
Generic_On_Reddit,19,13.16,15.8
Ghauldidnothingwrong,19,212.58,15.8
Goal4Goat,19,-0.37,94.7
I_am_right_giveup,19,39.68,84.2
IcedAndCorrected,19,10.11,21.1
Jesus_marley,19,-1,84.2
Killy00013,19,0.26,57.9
Krieg-The-Psycho1,19,5.32,15.8
Lajho,19,2.16,78.9
MaggieMae68,19,28.26,68.4
MobiusCube,19,7.89,47.4
More-Sun,19,2.42,42.1
NMPire,19,2.47,42.1
NotRodgerSmith,19,3.11,47.4
Obiwandkinobee,19,-1.26,52.6
Panda_False,19,0.05,47.4
Pandini23,19,-1.37,42.1
PennyLisa,19,22.11,57.9
Redwing4114,19,-0.21,36.8
RestOfThe,19,-0.63,42.1
Rumored17,19,0.16,47.4
SavannaJeff,19,0.68,78.9
Shadowguyver_14,19,1.05,84.2
Telineye,19,0.79,31.6
Thatoneguy13130,19,26,73.7
TheWheatSeeker,19,1.26,73.7
VirgilHasRisen,19,14.74,31.6
WaterDemonPhoenix,19,3.42,47.4
WebSliceGallery123,19,30.53,31.6
WyomingAntiCommunist,19,-0.79,47.4
Yallmakingmebuddhist,19,0.63,57.9
Zoomemy,19,0.89,47.4
auryn0151,19,5.53,0
boyhero97,19,6.74,52.6
chocl8thunda,19,20.42,63.2
clearlybraindead,19,45.47,52.6
deep_sea2,19,69.95,26.3
dreamersdisease01,19,1,52.6
hiphopnoumenonist,19,0.84,52.6
iamtherealmothman,19,-0.58,47.4
jiwjh380,19,20.89,31.6
kamclark3121,19,25.37,84.2
luminarium,19,1.05,36.8
maharei1,19,11.63,36.8
mindset_grindset,19,-1.63,57.9
nowyourmad,19,34.89,47.4
olatundew,19,15.79,52.6
pawnman99,19,8.84,47.4
phenix717,19,1.26,26.3
political-message,19,30.84,31.6
ryleeman54,19,1.26,52.6
sonofaresiii,19,50,78.9
tgjer,19,350.42,73.7
throwaway_0x90,19,28.84,36.8
truthwink,19,1.37,47.4
uselessrightfoot,19,6.95,57.9
vehementi,19,7.37,63.2
weaklingANTIFA,19,-1.05,47.4
witheredwolves,19,0,57.9
2074red2074,18,3.11,44.4
AMoonBeam,18,21.89,55.6
Amekyras,18,1.39,38.9
Animedjinn,18,1.72,50
BigHanksHalfaTank,18,1.39,38.9
Bodoblock,18,29.56,66.7
BuildBetterDungeons,18,4.33,66.7
CMV_Guy,18,7.67,61.1
CarleetoMeepo,18,-0.72,44.4
College_advice12,18,2.83,61.1
Crazy-Confidant123,18,8.56,33.3
Dakrys,18,18.39,50
DickerOfHides,18,4.33,72.2
Dont____Panic,18,16.5,33.3
DouglerK,18,5.22,5.6
FaerieStories,18,48.94,38.9
Gaki-fan-too,18,-0.61,50
GregBahm,18,53.67,50
HopefullDO,18,85.83,44.4
I_think_charitably,18,1.33,38.9
IlluminatusUIUC,18,41.17,44.4
IncomeByEtnicity,18,0.28,50
InfinitelyThirsting,18,4.33,55.6
Jam_Packens,18,5.67,77.8
James_Locke,18,6.83,94.4
JayStarr1082,18,32.17,38.9
Jaysank,18,68.94,55.6
Justgoahead123,18,72.89,55.6
Kai_Daigoji,18,11.61,77.8
Koda_20,18,47.94,66.7
LeGMGuttedTheTeam,18,30.06,72.2
M_de_Monty,18,13.61,66.7
Mashaka,18,13.67,33.3
Moogatoo,18,2.33,61.1
MrBleachh,18,-0.17,66.7
MrHistor,18,1.67,38.9
MyUsernameIsJudge,18,123.17,38.9
One_Winged_Rook,18,2.44,66.7
Permit_Current,18,3.72,33.3
PrestigeZoe,18,5.11,55.6
Raspint,18,2.61,50
Scratch_Bandit,18,3.11,66.7
SlouchingToElysium,18,0.28,50
The_fair_sniper,18,4.89,83.3
TraderPatTX,18,-0.89,77.8
TrialAndAaron,18,29.56,61.1
_Maxie_,18,0.33,33.3
abacuz4,18,6.61,38.9
bendiboy23,18,2.39,22.2
black_science_mam,18,0.33,61.1
chasingstatues,18,7.39,38.9
darthhayek,18,1.28,94.4
gypsiehunter,18,0.5,66.7
iaskwhy2,18,0.78,55.6
illini02,18,18.78,44.4
maverikv,18,16.67,44.4
mcdinglermingler,18,1.11,50
nickspinner,18,0.67,50
parmenides86,18,28.33,50
premiumPLUM,18,9.22,27.8
responsible4self,18,2.28,50
ricksc-137,18,4.28,61.1
rozaythatsmynickname,18,1.22,55.6
saltedfish,18,6.17,11.1
smellslikebadussy,18,6.83,50
sunglao,18,1.94,83.3
throwawayl11,18,2.78,55.6
vankorgan,18,5.5,38.9
whitepalms85,18,8.67,38.9
zlefin_actual,18,6.94,50
zwilcox101484,18,6.83,5.6
5510,17,9.76,76.5
Acerbatus14,17,9.88,29.4
AmazingJAM,17,1.41,52.9
Ash_Leapyear,17,8.12,64.7
BernieDurden,17,4.88,47.1
BidenIsARepublican,17,3,70.6
Cadfan17,17,4.06,52.9
Casus125,17,23.24,64.7
Celda,17,3.12,64.7
CheckYourCorners,17,52.94,23.5
Chronic_Apathy1,17,53.53,47.1
DCarrier,17,6.41,17.6
DRU-ZOD1980,17,-0.18,100
Dainsleif167,17,3.88,58.8
Davedamon,17,20.35,76.5
Dead_Benjamin,17,0.82,47.1
DestrutionW,17,2.76,29.4
Diesel_Serengeti,17,3.06,52.9
Doctor_Worm,17,17.12,58.8
DrakierX,17,0.47,41.2
Econo_miser,17,15.18,82.4
Enderdejorand,17,11.06,64.7
ExpressBeach3571,17,-0.12,35.3
Freevoulous,17,1.18,47.1
Historical_World,17,3.76,70.6
IAteTwoFullHams,17,227.41,94.1
ImAGullibleIdiot,17,48.35,100
Infused_Savagery,17,4.12,70.6
Its-Average,17,-0.18,52.9
Jim631,17,1.29,58.8
JoeyBobBillie,17,0.24,58.8
KaptinBluddflag,17,1.88,29.4
LordMarcel,17,3.29,52.9
Melodic_Echidna,17,18.82,29.4
MuddyFilter,17,2.06,70.6
NaturalSelectorX,17,15.82,11.8
Nussinsgesicht,17,8.47,100
OccAzzO,17,1.06,64.7
OmniManDidNothngWrng,17,7.06,35.3
Purplepeeps1,17,4.47,17.6
RealNeilPeart,17,46.41,23.5
Ronald-Hapchwarae,17,2.94,41.2
SailorSpoon11,17,2.94,5.9
Sililex,17,1.12,76.5
Simspidey,17,49.59,41.2
StevenGrimmas,17,3.29,58.8
TheSurgicalOne,17,8.12,52.9
TheWiseManFears,17,5.12,23.5
Theodora_Roosevelt,17,-0.41,58.8
Thin-White-Duke,17,7.24,70.6
Threevestimesacharm,17,9.12,23.5
Trorbes,17,68.88,58.8
Ubermenschmorph,17,1.47,41.2
Uddha40k,17,7.94,52.9
Unlucky-Foundation-4,17,0.82,52.9
Vasquerade,17,33.29,35.3
VenousMallard46,17,29.06,29.4
Vivez_Rapidement,17,-0.18,58.8
YouProbablyDissagree,17,19,82.4
ZestycloseBrother0,17,1.53,58.8
attempt_number_41,17,1.12,76.5
bleunt,17,38,94.1
bubba2260,17,-0.53,52.9
cape_of_good_hope,17,55.82,64.7
carter1984,17,4.06,47.1
cheesefarts420420,17,1.35,23.5
compensatedshill,17,7.53,64.7
conradwinkles,17,2.29,64.7
curien,17,34.88,41.2
ejpierle,17,24.35,64.7
emjaytheomachy,17,6.76,88.2
ghotier,17,3,82.4
helloitslouis,17,11.12,47.1
iglidante,17,13.82,11.8
jetpacksforall,17,6.12,41.2
lawtonj,17,39.88,52.9
leftright-goodnight,17,3,47.1
letstrythisagain30,17,9.71,11.8
luckyhunterdude,17,2,5.9
manzoire,17,0.71,35.3
mjg1111,17,6.76,17.6
mods_are_straight,17,1.59,82.4
mr_devereux,17,0.24,52.9
notaredditnpc,17,0.12,58.8
orneryactuator,17,0.41,64.7
photoalbumguy,17,0.29,47.1
rdotskip,17,-0.35,58.8
redditaccount001,17,15.53,5.9
shrimpleypibblez,17,14.59,94.1
theorymeltfool,17,-1.59,35.3
tubesweaterguru,17,72.41,29.4
urmomaslag,17,35.76,11.8
AULock1,16,6.62,56.2
Alexander_Columbus,16,-0.56,37.5
Alt_North,16,22.62,81.2
AnythingAllTheTime,16,-2.19,100
Apprehensive-Neat-68,16,2.38,93.8
AuroraItsNotTheTime,16,32.25,43.8
BelligerentBenny,16,0.56,68.8
BigPimpLunchBox,16,-0.56,56.2
Blood_tree,16,0.69,50
BoyMeetsTheWorld,16,20.31,31.2
ClockOfTheLongNow,16,27.19,50
CoffeeAndCannabis310,16,20.88,68.8
ConceptualTrap,16,4,37.5
Curious_but_confused,16,7.12,31.2
DelectPierro,16,86.69,43.8
DementorAsMyPatronus,16,1.19,43.8
DestructionDestroyer,16,-1.25,43.8
DeviaI,16,3.75,81.2
Dharma_initiative1,16,4.06,43.8
DirtyTJ,16,0.12,56.2
District_Mobile,16,4.44,100
DoesntUnderstands,16,1.19,37.5
Elicander,16,133.69,31.2
Finch20,16,3,56.2
FiskJohnsonIV,16,0.25,50
GeekedUpDDD,16,0.62,75
Glittering_Falcon_93,16,26.31,75
GoblinRaiders,16,63.62,37.5
Gourok,16,3.88,25
HappyRainbowSparkle,16,3.81,37.5
Hotgirl-Alert,16,1.12,50
HyliaSymphonic,16,2.81,18.8
I_want_to_choose,16,33.19,12.5
IcyIncubatedBaboon,16,0.31,43.8
Ill-Ad-6082,16,9.75,56.2
InfectedBrute,16,13.75,37.5
Izawwlgood,16,33.5,87.5
JWHY1975,16,-0.25,50
Jakyland,16,20.12,43.8
JiEToy,16,19.75,56.2
Joosie-Smollet,16,49.62,25
Kaeoz,16,-2,68.8
LawyerLimp1287,16,-3.81,56.2
Lord_NeKr0,16,0.94,50
Midas_Stream,16,-1.19,100
Momo_incarnate,16,3.88,37.5
Morphie12121,16,6.38,18.8
Mu-Relay,16,3.12,56.2
NOLAscary,16,0.56,37.5
NegativeOptimism,16,7.25,81.2
Oishiio42,16,36.31,25
PM_ME_A_FACT,16,4.94,100
Phyltre,16,0.19,37.5
ReallyLikesRum,16,0.56,62.5
ReinhardVonLoengram,16,1.31,43.8
Rkenne16,16,22.44,31.2
Sairry,16,2.12,62.5
Spaffin,16,3.19,43.8
Sprezzaturer,16,5.56,50
Squishiimuffin,16,4,50
TApokerAITA,16,19.88,31.2
TezzMuffins,16,6.38,87.5
TheLordCommander666,16,8.25,62.5
TheManWhoWasNotShort,16,20.19,37.5
TheTreeOfLiberty,16,0,50
Unbiased_Bob,16,10.38,18.8
WilhelmWrobel,16,64.44,56.2
benisbrother,16,10.88,43.8
bobsbigboi,16,-1.25,75
brickbacon,16,2.94,75
chadtr5,16,3.06,37.5
chris_5219,16,-0.56,50
cougar2013,16,0.5,68.8
denizenz,16,-1.31,75
doireallywannadothis,16,27.88,56.2
driver1676,16,8.44,31.2
gladman1101,16,7.69,50
hamletandskull,16,5.12,25
hljsbslnmc,16,0.69,100
hucklebae,16,239.62,43.8
i_am_control,16,2.56,75
immatx,16,0.81,50
jay520,16,9.94,93.8
kingpatzer,16,172.69,18.8
knortfoxx,16,-0.44,43.8
le_fez,16,7.5,43.8
lehigh_larry,16,-0.75,31.2
light_hue_1,16,71.81,87.5
maelchon,16,-0.81,50
math2ndperiod,16,71.62,43.8
mexican-trihard,16,-0.75,56.2
mindoversoul,16,18.88,87.5
nikoberg,16,3,50
novagenesis,16,18.88,43.8
omid_,16,0.88,37.5
penismuncha,16,-0.62,37.5
poorfolkbows,16,41.12,25
pordanbeejeeterson,16,6.25,62.5
redhotradio,16,0.06,56.2
senseibates,16,3.31,56.2
species5618w,16,9.69,50
sullg26535,16,1.12,18.8
suspiciouslyfamiliar,16,41.81,50
urto37372,16,-0.62,37.5
veggiesama,16,10.31,56.2
zardeh,16,70.19,87.5
zonedoggieee,16,0.31,50
-Tsavong_Lah-,15,2.67,53.3
0HI0I,15,6.67,80
AadamAtomic,15,-1.93,100
Abstracting_You,15,54.27,33.3
Akitten,15,2.4,40
Ashe_Faelsdon,15,2.47,60
AskWhyKnot,15,10.93,53.3
Aw_Frig,15,50.53,46.7
BrushNo7385,15,-1.13,40
CamNewtonJr,15,9.2,86.7
Candentia,15,4.13,26.7
ChiefBobKelso,15,-4.53,33.3
DrJekyllAndMrSnide,15,0.53,46.7
Earthling03,15,4.2,20
EighthScofflaw,15,3.6,66.7
EternalPropagation,15,0,100
ExplosionExpert,15,-0.93,33.3
FPOWorld,15,4.53,80
Freeloading_Sponger,15,3.4,66.7
GetMoneySmokeWeed,15,0.4,60
Glamdivasparkle,15,9.27,26.7
GuavaOfAxe,15,7.4,53.3
Head-Maize,15,17.47,53.3
Helicase21,15,76.4,26.7
Highlyasian,15,184.47,93.3
ImagineQ,15,0.27,53.3
It_is_not_that_hard,15,-0.53,66.7
JustaOrdinaryDemiGod,15,6.2,66.7
LatinGeek,15,4.27,26.7
LestDarknessFalls,15,3.27,100
Metallic52,15,25.27,33.3
MistroHen,15,3.33,53.3
Mkwdr,15,6.93,66.7
Mnozilman,15,4.07,73.3
MurderMachine64,15,3,80
MyPenisIsaWMD,15,4.8,100
Nyx6,15,-2.2,40
Palidane7,15,1.13,40
PersonWithARealName,15,50,26.7
Phrii,15,0.47,73.3
PoopyStinkyTurdButt,15,1.8,53.3
ProLifePanda,15,45,26.7
PsychicFoxWithSpoons,15,2.47,73.3
RarelySayNever,15,0.13,53.3
RealFactorRagePolice,15,3.2,46.7
RubberHyrax,15,1.6,46.7
SatanicJesus69,15,18.4,66.7
ShroomsRisotto,15,10.6,46.7
SiliconDiver,15,7.8,40
SituationSoap,15,2.93,60
SoyBoy14800,15,2.8,100
Strawberrysun1,15,2.6,60
SushiAndWoW,15,1.47,73.3
TFHC,15,16.07,33.3
TRossW18,15,5.93,13.3
Taco__Bandito,15,9.6,86.7
Targren,15,5.73,33.3
Team-First,15,-1.07,33.3
TheAlistmk3,15,27.73,33.3
ThrowAwayl33tSp3aK,15,4,53.3
Tinie_Snipah,15,6,93.3
ViewedFromTheOutside,15,4.87,40
WMDick,15,-0.4,86.7
WeLikeHappy,15,2.47,80
WhiteColidon,15,0.13,46.7
Womblue,15,29.73,60
ZanderDogz,15,9.27,33.3
Zoetje_Zuurtje,15,6.93,46.7
_slow_reader_,15,61.2,66.7
adjsdjlia,15,19.13,66.7
aegon98,15,16.73,80
allsfair86,15,5.33,86.7
attempt_number_45,15,0.8,100
avocadosontoastedbun,15,3.27,80
cole_miner,15,-5.93,66.7
cyclopsrex,15,-0.07,93.3
dahuterschuter,15,2.33,73.3
enkonta,15,2.47,40
epicazeroth,15,6.07,13.3
fairlygreen,15,10.33,33.3
fdeckert,15,1.53,46.7
gwopy,15,5.33,66.7
gyroda,15,4.67,46.7
han_dies_01,15,43,66.7
iclimbnaked,15,3.4,26.7
iwouldnotdig,15,4.47,100
john_gee,15,61.6,53.3
lameth,15,18.6,0
mischiffmaker,15,12.07,26.7
mistressofallevil,15,12.07,60
mybustersword,15,38.67,80
namename77,15,13.33,46.7
natpri00,15,1.6,33.3
naughtyschool_girl,15,5.27,33.3
neofederalist,15,208.07,40
noluv4uhoes,15,0.67,60
notduddeman,15,25.53,66.7
palacesofparagraphs,15,58.87,40
pistasojka,15,-15.27,46.7
pokemnlover1990,15,0.27,53.3
raznov1,15,2.6,60
rb4ld,15,4.33,53.3
shadow_user,15,1.67,20
sleepyfoxteeth,15,14.4,20
sllewgh,15,6.8,93.3
suicidebylifestyle,15,0.73,40
syd-malicious,15,36.73,60
test_subject6,15,4,20
the_fourth_way,15,0.87,53.3
theshantanu,15,-1.6,46.7
uncledrewkrew,15,-6.4,26.7
vbob99,15,14.93,100
waistlinepants,15,-1.73,53.3
woaily,15,19.93,20
xiipaoc,15,12.07,66.7
yumyumnom,15,17.93,26.7
zibi99,15,15.8,33.3
000paincakes000,14,-0.07,50
ANIKAHirsch,14,0.43,50
ATS_asafespace4liars,14,1.36,57.1
Agnes-Varda1992,14,63.07,64.3
AlunWH,14,37.14,64.3
Applicability,14,1.14,42.9
AsteriskStars,14,8.21,35.7
BackgroundStrength7,14,3.29,71.4
BeepBlipBlapBloop,14,18.07,35.7
BottleCraft,14,4.71,92.9
BrixSeven,14,7,35.7
BubbleLobster,14,-1.29,57.1
CatRelatedUsername,14,11.57,50
Cidopuck,14,1.57,85.7
ConditionDistinct979,14,2,0
DeLoRiggidy,14,5.71,57.1
DepressedRambo,14,-0.64,64.3
DocCannery84,14,3.93,64.3
DogtorPepper,14,106.57,57.1
Dr_Longfellow_Deeds,14,18,42.9
DrugsOnly,14,10.14,35.7
EstimatedProbability,14,0.36,57.1
EwokPiss,14,104.93,21.4
FiercelyFuzzy206,14,1.07,64.3
Fl1pping,14,1.14,50
FluffySharkBird,14,-0.93,50
Frenetic_Platypus,14,2.86,50
Gettingbetterthrow,14,22.5,71.4
Gimmedat_chicken,14,3.64,35.7
Godskook,14,4.21,71.4
Gus_31,14,4.57,64.3
HeWhoShitsWithPhone,14,10.86,21.4
HerLadyBrittania,14,3,14.3
HorrorDisk8,14,134.64,50
IAmTheLastMessiah,14,0.64,50
Ihateregistering6,14,42.5,35.7
InfinitePiglet9717,14,23.86,57.1
IntelligentFennel,14,1.21,92.9
JudgeBastiat,14,1.93,42.9
Kp15324,14,-0.07,71.4
Kratos_The_Spartan,14,8.79,28.6
LazyBird55_X,14,1.29,57.1
LeeHarveySnoswald,14,1.36,50
Logicalangel420,14,0.5,50
MageZero,14,3.57,50
MirrorThaoss,14,4.64,50
Momoischanging,14,41.29,57.1
Nateorade,14,147.29,35.7
NaturaSiveDeus,14,5.29,50
NeonNutmeg,14,1.14,100
Nightstick11,14,-0.5,85.7
NoobShylock,14,8,7.1
OddGuidance907,14,-5.21,28.6
Ok_Program_3491,14,4.64,71.4
OmgYoshiPLZ,14,3.07,71.4
PLEASE_USE_LOGIC,14,0.43,64.3
POEthrowaway-2019,14,2.86,28.6
PassionVoid,14,5.29,78.6
Pilebsa,14,1.43,100
PsychedelicWallWhale,14,0,50
RedditIsAnAddiction,14,2.71,42.9
RevenTexX,14,-0.93,71.4
Robodix,14,51.93,42.9
Ryle_Kittenhouse,14,32.5,50
SerenityTheFireFly,14,2.93,64.3
SingleMaltMouthwash,14,2.79,85.7
SirMrGnome,14,9.71,14.3
Skyy-High,14,14.36,64.3
Sorcha16,14,1.43,71.4
StanleyLaurel,14,0.5,64.3
SweetieMomoCutie,14,4.29,100
TAKEitTOrCIRCLEJERK,14,-2.07,71.4
Teeklin,14,9.86,57.1
Timewaster12,14,-0.14,78.6
Trimestrial,14,21.57,78.6
TunaCatz,14,0.07,50
TurtleTuck_,14,0.79,35.7
TybaltTyburn,14,2.21,64.3
UncleMeat,14,11.07,42.9
UnknownSloan,14,0.36,50
VortexMagus,14,12.93,28.6
WJKay,14,-2.79,57.1
YamsInternational,14,0.43,35.7
Zeydon,14,1.64,64.3
acdbrook,14,48.14,57.1
adorablequilava,14,56.79,71.4
aidrocsid,14,6.43,64.3
alphamalepowertop,14,2.29,57.1
alpicola,14,69.5,21.4
azur08,14,2.64,78.6
b1c2n3,14,-0.29,50
blahalreadytaken,14,0.29,100
briantheunfazed,14,33.57,50
conn_r2112,14,26.07,50
coolasafool462,14,1.5,14.3
crudefilmschool,14,1,50
dexters_da,14,0.14,50
expresidentmasks,14,5.5,50
fryamtheiman,14,2.21,42.9
hammerhaunts,14,7.14,92.9
henrebotha,14,38,50
infinitepaths,14,33.79,35.7
justmikewilldo,14,6.07,78.6
keanwood,14,114.07,21.4
law-talkin-guy,14,9.07,78.6
leox001,14,17.57,78.6
luigi_itsa,14,128.79,42.9
mr-logician,14,1.21,64.3
myshieldsforargus,14,-0.43,50
obert-wan-kenobert,14,65,28.6
outtathesky_fellapie,14,-1.14,100
polysyndetonic,14,-1.29,57.1
possiblyaqueen,14,132.64,50
rachmaninoffkills,14,0.21,42.9
rbkforrestr,14,10.21,85.7
reala55eater,14,4.14,50
reconditecache,14,2.93,78.6
rollingrock16,14,7.5,35.7
rottinguy,14,33.07,28.6
savvamadar,14,-0.64,50
saywherefore,14,84.5,42.9
shortadamlewis,14,1.36,50
silverdevilboy,14,2.21,42.9
smackspr,14,9.71,35.7
spire333,14,2.36,78.6
sushirolex,14,-0.29,78.6
theantdog,14,24.43,35.7
therapy,14,19.43,21.4
timescrucial,14,1.86,100
twitterjusticewoke,14,0.57,100
unwordableweirdness,14,2.5,57.1
username6f8dx,14,3,71.4
vegezio,14,-0.29,100
vladchiriac11,14,-0.43,64.3
zeroxaros,14,0.93,35.7
